Workbook

Sheet Tài khoản 
A1: TÀI KHOẢN ĐĂNG NHẬP | B1: MẬT KHẨU | C1: TÊN NGƯỜI DÙNG | D1: MÃ QUYỀN (không nhập) | E1: QUYỀN | F1: MÃ ĐƠN VỊ (Không nhập) | G1: ĐƠN VỊ | H1: CẤP PHÂN QUYỀN (1: ADMIN 2: Toàn quyền (VD: Sư đoàn 5) 3: xem và đề xuất chỉnh sửa)
D2: =IFERROR(INDEX('Tham chiếu'!$A:$A,MATCH(E2,'Tham chiếu'!$B:$B,0)),"") | F2: =IFERROR(INDEX('Tham chiếu'!$D:$D,MATCH(G2,'Tham chiếu'!$G:$G,0)),"") | I2: "INSERT INTO [User] (UserID,Username,PasswordHash,FullName,RoleIDl,UnitID,PermissionLevel) VALUES (NewID(),N'" & A2 & "',N'" & B2 & "',N'" & C2 & "','" & D2 & "','" & F2 & ",'" & G2 & "');"
D3: =IFERROR(INDEX('Tham chiếu'!$A:$A,MATCH(E3,'Tham chiếu'!$B:$B,0)),"") | F3: =IFERROR(INDEX('Tham chiếu'!$D:$D,MATCH(G3,'Tham chiếu'!$G:$G,0)),"") | I3: "(NewID(), N' & A2 & "',N'" & B2 & "',N'" & C2 & "','" & D2 & "','" & F2 & ",'" & G2 & "');"
D4: =IFERROR(INDEX('Tham chiếu'!$A:$A,MATCH(E4,'Tham chiếu'!$B:$B,0)),"") | F4: =IFERROR(INDEX('Tham chiếu'!$D:$D,MATCH(G4,'Tham chiếu'!$G:$G,0)),"")
D5: =IFERROR(INDEX('Tham chiếu'!$A:$A,MATCH(E5,'Tham chiếu'!$B:$B,0)),"") | F5: =IFERROR(INDEX('Tham chiếu'!$D:$D,MATCH(G5,'Tham chiếu'!$G:$G,0)),"")
D6: =IFERROR(INDEX('Tham chiếu'!$A:$A,MATCH(E6,'Tham chiếu'!$B:$B,0)),"") | F6: =IFERROR(INDEX('Tham chiếu'!$D:$D,MATCH(G6,'Tham chiếu'!$G:$G,0)),"")
D7: =IFERROR(INDEX('Tham chiếu'!$A:$A,MATCH(E7,'Tham chiếu'!$B:$B,0)),"") | F7: =IFERROR(INDEX('Tham chiếu'!$D:$D,MATCH(G7,'Tham chiếu'!$G:$G,0)),"")
D8: =IFERROR(INDEX('Tham chiếu'!$A:$A,MATCH(E8,'Tham chiếu'!$B:$B,0)),"") | F8: =IFERROR(INDEX('Tham chiếu'!$D:$D,MATCH(G8,'Tham chiếu'!$G:$G,0)),"")
D9: =IFERROR(INDEX('Tham chiếu'!$A:$A,MATCH(E9,'Tham chiếu'!$B:$B,0)),"") | F9: =IFERROR(INDEX('Tham chiếu'!$D:$D,MATCH(G9,'Tham chiếu'!$G:$G,0)),"")
D10: =IFERROR(INDEX('Tham chiếu'!$A:$A,MATCH(E10,'Tham chiếu'!$B:$B,0)),"") | F10: =IFERROR(INDEX('Tham chiếu'!$D:$D,MATCH(G10,'Tham chiếu'!$G:$G,0)),"")
D11: =IFERROR(INDEX('Tham chiếu'!$A:$A,MATCH(E11,'Tham chiếu'!$B:$B,0)),"") | F11: =IFERROR(INDEX('Tham chiếu'!$D:$D,MATCH(G11,'Tham chiếu'!$G:$G,0)),"")
D12: =IFERROR(INDEX('Tham chiếu'!$A:$A,MATCH(E12,'Tham chiếu'!$B:$B,0)),"") | F12: =IFERROR(INDEX('Tham chiếu'!$D:$D,MATCH(G12,'Tham chiếu'!$G:$G,0)),"")
D13: =IFERROR(INDEX('Tham chiếu'!$A:$A,MATCH(E13,'Tham chiếu'!$B:$B,0)),"") | F13: =IFERROR(INDEX('Tham chiếu'!$D:$D,MATCH(G13,'Tham chiếu'!$G:$G,0)),"")
D14: =IFERROR(INDEX('Tham chiếu'!$A:$A,MATCH(E14,'Tham chiếu'!$B:$B,0)),"") | F14: =IFERROR(INDEX('Tham chiếu'!$D:$D,MATCH(G14,'Tham chiếu'!$G:$G,0)),"")
D15: =IFERROR(INDEX('Tham chiếu'!$A:$A,MATCH(E15,'Tham chiếu'!$B:$B,0)),"") | F15: =IFERROR(INDEX('Tham chiếu'!$D:$D,MATCH(G15,'Tham chiếu'!$G:$G,0)),"")
... D258: =IFERROR(INDEX('Tham chiếu'!$A:$A,MATCH(E258,'Tham chiếu'!$B:$B,0)),"") | F258: =IFERROR(INDEX('Tham chiếu'!$D:$D,MATCH(G258,'Tham chiếu'!$G:$G,0)),"")

Sheet Tham chiếu
A1: Tên quyền | D1: Đơn vị | I1: Cấp phân quyền
A2: R001 | B2: Quản trị hệ thống | D2: Mã đơn vị* | E2: Tên đơn vị* | F2: Tên viết tắt* | G2: Link | I2: 1
A3: R002 | B3: Quản lý Sư đoàn | D3: 17.00.00.00.00.00.00 | E3: Quân khu 7 | F3: QK7 | G3: QK7/ | I3: 2
A4: R003 | B4: Quản lý Trung đoàn | D4: 17.04.00.00.00.00.00 | E4: Sư đoàn Bộ binh 5 | F4: fBB5 | G4: QK7/fBB5/ | I4: 3
A5: R004 | B5: Quản lý Tiểu đoàn | D5: 17.04.01.00.00.00.00 | E5: Phòng Tham mưu | F5: PTM | G5: QK7/fBB5/PTM/
A6: R005 | B6: Quản lý Đại đội | D6: 17.04.01.01.00.00.00 | E6: Ban Tác huấn | F6: BTH | G6: QK7/fBB5/PTM/BTH/
A7: R006 | B7: Quản lý Trung đội | D7: 17.04.01.01.01.00.00 | E7: Tiểu đội Quản lý thao trường | F7: aQLTT | G7: QK7/fBB5/PTM/BTH/aQLTT/
A8: R007 | B8: Quản lý Tiểu đội | D8: 17.04.01.02.00.00.00 | E8: Ban Trinh sát | F8: BTS | G8: QK7/fBB5/PTM/BTS/
A9: R008 | B9: Quản lý Phòng Ban | D9: 17.04.01.03.00.00.00 | E9: Ban Quân lực | F9: BQL | G9: QK7/fBB5/PTM/BQL/
D10: 17.04.01.04.00.00.00 | E10: Ban Thông tin | F10: BTT | G10: QK7/fBB5/PTM/BTT/
D11: 17.04.01.04.01.00.00 | E11: Trạm Sửa chữa khí tài TT | F11: TSCKTTT | G11: QK7/fBB5/PTM/BTT/TSCKTTT/
D12: 17.04.01.05.00.00.00 | E12: Ban Cơ yếu | F12: BCY | G12: QK7/fBB5/PTM/BCY/
D13: 17.04.01.06.00.00.00 | E13: Ban Pháo binh | F13: BPB | G13: QK7/fBB5/PTM/BPB/
D14: 17.04.01.07.00.00.00 | E14: Ban Phòng không | F14: BPK | G14: QK7/fBB5/PTM/BPK/
D15: 17.04.01.08.00.00.00 | E15: Ban Công binh | F15: BCB | G15: QK7/fBB5/PTM/BCB/
D16: 17.04.01.09.00.00.00 | E16: Ban Hành chính | F16: BHC | G16: QK7/fBB5/PTM/BHC/
D17: 17.04.01.09.01.00.00 | E17: Tiểu đội Nấu ăn Cơ quan | F17: aNACQ | G17: QK7/fBB5/PTM/BHC/aNACQ/
D18: 17.04.01.10.00.00.00 | E18: Đại đội 23 Vệ binh | F18: c23 | G18: QK7/fBB5/PTM/c23/
D19: 17.04.01.10.01.00.00 | E19: Tiểu đội Cối 60 | F19: aCO60 | G19: QK7/fBB5/PTM/c23/aCO60/
D20: 17.04.01.10.02.00.00 | E20: Tiểu đội Đại liên | F20: aĐL | G20: QK7/fBB5/PTM/c23/aĐL/
D21: 17.04.01.10.03.00.00 | E21: Trung đội 1 | F21: b1 | G21: QK7/fBB5/PTM/c23/b1/
... D1269: 17.04.18.00.00.00.00 | E1269: Kho tăng | F1269: Kho tng | G1269: QK7/fBB5/Kho tng/
